site	before	after	kind	owner	reason
.mochiko/brainstorms/adversarial-review-generality/record.md:48	**AR-D1	**D1	normalize	adversarial-review-generality D1	S2: glued AR-D definition card made indexable as bare D1
.mochiko/brainstorms/adversarial-review-generality/record.md:52	**AR-D2	**D2	normalize	adversarial-review-generality D2	S2: glued AR-D definition card made indexable as bare D2
.mochiko/brainstorms/adversarial-review-generality/record.md:55	**AR-D3	**D3	normalize	adversarial-review-generality D3	S2: glued AR-D definition card made indexable as bare D3
.mochiko/brainstorms/adversarial-review-generality/record.md:61	**AR-D4	**D4	normalize	adversarial-review-generality D4	S2: glued AR-D definition card made indexable as bare D4
.mochiko/brainstorms/adversarial-review-generality/record.md:64	**AR-D5	**D5	normalize	adversarial-review-generality D5	S2: glued AR-D definition card made indexable as bare D5
.mochiko/brainstorms/adversarial-review-generality/record.md:67	**AR-D6	**D6	normalize	adversarial-review-generality D6	S2: glued AR-D definition card made indexable as bare D6
.mochiko/brainstorms/architect-role-pushback-and-abstraction/record.md:26	The D2 proposal	The `plan-structure-yagni` D2 proposal	qualify	plan-structure-yagni D2	H2: the plan-the-plan proposal is the sibling's D2
.mochiko/brainstorms/architect-role-pushback-and-abstraction/record.md:34	sibling D5	sibling `plan-structure-yagni` D5	qualify	plan-structure-yagni D5	H2: "sibling" is plan-structure-yagni (F11)
.mochiko/brainstorms/architect-role-pushback-and-abstraction/record.md:38	sibling D5 rulings	sibling `plan-structure-yagni` D5 rulings	qualify	plan-structure-yagni D5	H2: "sibling" is plan-structure-yagni
.mochiko/brainstorms/architect-role-pushback-and-abstraction/record.md:41	enriching sibling D5	enriching sibling `plan-structure-yagni` D5	qualify	plan-structure-yagni D5	H2: "sibling" is plan-structure-yagni
.mochiko/brainstorms/architect-role-pushback-and-abstraction/record.md:46	The sibling's D7 probe	The sibling's `plan-structure-yagni` D7 probe	qualify	plan-structure-yagni D7	H2: the sibling's weight probe; this record's own D7 is the technical-analyst ruling
.mochiko/brainstorms/architect-role-pushback-and-abstraction/record.md:57	sibling D5 stands	sibling `plan-structure-yagni` D5 stands	qualify	plan-structure-yagni D5	H2: "sibling" is plan-structure-yagni
.mochiko/brainstorms/architect-role-pushback-and-abstraction/record.md:59	the D2 proposal gate	the `plan-structure-yagni` D2 proposal gate	qualify	plan-structure-yagni D2	H2: the proposal gate is the sibling's D2
.mochiko/brainstorms/architect-role-pushback-and-abstraction/record.md:61	sibling D5's	sibling `plan-structure-yagni` D5's	qualify	plan-structure-yagni D5	H2: "sibling" is plan-structure-yagni (the adaptive-depth D8 shorthand on this line rides an alias row, S9)
.mochiko/brainstorms/architect-role-pushback-and-abstraction/record.md:62	sibling D7's weight target	sibling `plan-structure-yagni` D7's weight target	qualify	plan-structure-yagni D7	H2: the record's own disambiguation on this line: "sibling D7" = plan-structure-yagni
.mochiko/brainstorms/architect-role-pushback-and-abstraction/record.md:68	(D2 there)	(`team-method-vs-command-shape` D2 there)	qualify	team-method-vs-command-shape D2	H2: "there" is team-method-vs-command-shape, named earlier on the line
.mochiko/brainstorms/architect-role-pushback-and-abstraction/record.md:73	the D2 proposal pre-approval	the `plan-structure-yagni` D2 proposal pre-approval	qualify	plan-structure-yagni D2	H2: the plan-the-plan proposal is the sibling's D2
.mochiko/brainstorms/architect-role-pushback-and-abstraction/record.md:74	advisory, sibling D5	advisory, sibling `plan-structure-yagni` D5	qualify	plan-structure-yagni D5	H2: "sibling" is plan-structure-yagni
.mochiko/brainstorms/architecture-tieback/record.md:36	### AT-D1	### D1	normalize	architecture-tieback D1	S2: glued AT-D definition card made indexable as bare D1
.mochiko/brainstorms/architecture-tieback/record.md:45	### AT-D2	### D2	normalize	architecture-tieback D2	S2: glued AT-D definition card made indexable as bare D2
.mochiko/brainstorms/architecture-tieback/record.md:54	### AT-D3	### D3	normalize	architecture-tieback D3	S2: glued AT-D definition card made indexable as bare D3
.mochiko/brainstorms/architecture-tieback/record.md:59	### AT-D4	### D4	normalize	architecture-tieback D4	S2: glued AT-D definition card made indexable as bare D4
.mochiko/brainstorms/architecture-tieback/record.md:70	### AT-D5	### D5	normalize	architecture-tieback D5	S2: glued AT-D definition card made indexable as bare D5
.mochiko/brainstorms/architecture-tieback/record.md:82	### AT-D6	### D6	normalize	architecture-tieback D6	S2: glued AT-D definition card made indexable as bare D6
.mochiko/brainstorms/author-grader-consolidation/record.md:88	(2026-09-03, D3,	(2026-09-03, `producer-plan-enforcement` D3,	qualify	producer-plan-enforcement D3	H2: list item about producer-plan-enforcement; its D3, not this record's
.mochiko/brainstorms/author-grader-consolidation/record.md:97	D1/D3/D5	`orchestrator-model-selection` D1/D3/D5	qualify	orchestrator-model-selection D1	H2: list item about orchestrator-model-selection; one qualifier covers the slash list
.mochiko/brainstorms/author-grader-consolidation/record.md:102	by D1's own criterion	by `orchestrator-model-selection` D1's own criterion	qualify	orchestrator-model-selection D1	H2 (map grade A): continues the :97 orchestrator-model-selection item; its D1 seat-tier criterion
.mochiko/brainstorms/author-grader-consolidation/record.md:109	pre-assert (D7)	pre-assert (`validator-scope-and-verbosity` D7)	qualify	validator-scope-and-verbosity D7	H2 (map grade A): the char-budget pre-assert is validator-scope-and-verbosity D7 (cost gate: empirical budgets in the audit)
.mochiko/brainstorms/author-grader-consolidation/record.md:165	OMS D4	`orchestrator-model-selection` D4	qualify	orchestrator-model-selection D4	foreign bare: single-word shorthand OMS
.mochiko/brainstorms/author-grader-consolidation/reports/a1-audit.md:93	`anchor: 2026-09-19 author-grader-consolidation D6`	"`anchor: 2026-09-19 author-grader-consolidation D6`"	quote	-	anchor cite (lead ruling, all shards): a migration anchor quoted in prose is a verbatim machine string, bare by D12; quoted so no rename slugs it
.mochiko/brainstorms/author-grader-consolidation/reports/a1-audit.md:150	`anchor: 2026-09-19	"`anchor: 2026-09-19	quote	-	anchor cite (lead ruling, all shards): a migration anchor quoted in prose is a verbatim machine string, bare by D12; quoted so no rename slugs it; opening half of a code span split over two lines
.mochiko/brainstorms/author-grader-consolidation/reports/a1-audit.md:151	author-grader-consolidation D7`	author-grader-consolidation D7`"	quote	-	anchor cite (lead ruling, all shards): a migration anchor quoted in prose is a verbatim machine string, bare by D12; quoted so no rename slugs it; closing half of a code span split over two lines
.mochiko/brainstorms/author-grader-consolidation/reports/a1r-tiering.md:111	`anchor: 2026-09-19 author-grader-consolidation D7`	"`anchor: 2026-09-19 author-grader-consolidation D7`"	quote	-	anchor cite (lead ruling, all shards): a migration anchor quoted in prose is a verbatim machine string, bare by D12; quoted so no rename slugs it
.mochiko/brainstorms/author-grader-consolidation/reports/a2-audit.md:65	`2026-09-19 author-grader-consolidation	"`2026-09-19 author-grader-consolidation	quote	-	anchor cite (lead ruling, all shards): a migration anchor quoted in prose is a verbatim machine string, bare by D12; quoted so no rename slugs it; opening half of a code span split over two lines
.mochiko/brainstorms/author-grader-consolidation/reports/a2-audit.md:66	D7`	D7`"	quote	-	anchor cite (lead ruling, all shards): a migration anchor quoted in prose is a verbatim machine string, bare by D12; quoted so no rename slugs it; closing half of a code span split over two lines
.mochiko/brainstorms/author-grader-consolidation/reports/a2r-schema.md:96	`2026-09-19 author-grader-consolidation D7`	"`2026-09-19 author-grader-consolidation D7`"	quote	-	anchor cite (lead ruling, all shards): a migration anchor quoted in prose is a verbatim machine string, bare by D12; quoted so no rename slugs it
.mochiko/brainstorms/author-grader-consolidation/reports/a2r3-schema.md:101	`anchor: 2026-09-19 author-grader-consolidation D7`	"`anchor: 2026-09-19 author-grader-consolidation D7`"	quote	-	anchor cite (lead ruling, all shards): a migration anchor quoted in prose is a verbatim machine string, bare by D12; quoted so no rename slugs it
.mochiko/brainstorms/author-grader-consolidation/reports/p1-plan.md:18	`anchor: 2026-09-19 author-grader-consolidation D7`	"`anchor: 2026-09-19 author-grader-consolidation D7`"	quote	-	anchor cite (lead ruling, all shards): a migration anchor quoted in prose is a verbatim machine string, bare by D12; quoted so no rename slugs it
.mochiko/brainstorms/author-grader-consolidation/reports/p1-plan.md:23	`anchor: 2026-09-19 author-grader-consolidation D6`	"`anchor: 2026-09-19 author-grader-consolidation D6`"	quote	-	anchor cite (lead ruling, all shards): a migration anchor quoted in prose is a verbatim machine string, bare by D12; quoted so no rename slugs it
.mochiko/brainstorms/author-grader-consolidation/reports/p1-plan.md:36	`anchor: 2026-09-19 author-grader-consolidation D6`	"`anchor: 2026-09-19 author-grader-consolidation D6`"	quote	-	anchor cite (lead ruling, all shards): a migration anchor quoted in prose is a verbatim machine string, bare by D12; quoted so no rename slugs it
.mochiko/brainstorms/author-grader-consolidation/reports/p1-plan.md:42	`anchor: 2026-09-19 author-grader-consolidation D7`	"`anchor: 2026-09-19 author-grader-consolidation D7`"	quote	-	anchor cite (lead ruling, all shards): a migration anchor quoted in prose is a verbatim machine string, bare by D12; quoted so no rename slugs it
.mochiko/brainstorms/author-grader-consolidation/reports/p1-plan.md:52	`anchor: 2026-09-19 author-grader-consolidation D7`	"`anchor: 2026-09-19 author-grader-consolidation D7`"	quote	-	anchor cite (lead ruling, all shards): a migration anchor quoted in prose is a verbatim machine string, bare by D12; quoted so no rename slugs it
.mochiko/brainstorms/author-grader-consolidation/reports/w2-gate-audit.md:114	`2026-09-03 producer-plan-enforcement D8`	"`2026-09-03 producer-plan-enforcement D8`"	quote	-	anchor cite (lead ruling, all shards): a migration anchor quoted in prose is a verbatim machine string, bare by D12; quoted so no rename slugs it
.mochiko/brainstorms/author-grader-consolidation/reports/w2-gate-audit.md:132	`2026-09-03 producer-plan-enforcement D8`	"`2026-09-03 producer-plan-enforcement D8`"	quote	-	anchor cite (lead ruling, all shards): a migration anchor quoted in prose is a verbatim machine string, bare by D12; quoted so no rename slugs it
.mochiko/brainstorms/author-grader-consolidation/reports/w2-gate-audit.md:174	`2026-09-03 producer-plan-enforcement D8`	"`2026-09-03 producer-plan-enforcement D8`"	quote	-	anchor cite (lead ruling, all shards): a migration anchor quoted in prose is a verbatim machine string, bare by D12; quoted so no rename slugs it
.mochiko/brainstorms/author-grader-consolidation/reports/w2-gate-audit.md:216	`2026-09-03 producer-plan-enforcement D8`	"`2026-09-03 producer-plan-enforcement D8`"	quote	-	anchor cite (lead ruling, all shards): a migration anchor quoted in prose is a verbatim machine string, bare by D12; quoted so no rename slugs it
.mochiko/brainstorms/author-grader-consolidation/reports/w2-gate-audit.md:280	`anchor: 2026-09-03 producer-plan-enforcement D8`	"`anchor: 2026-09-03 producer-plan-enforcement D8`"	quote	-	anchor cite (lead ruling, all shards): a migration anchor quoted in prose is a verbatim machine string, bare by D12; quoted so no rename slugs it
.mochiko/brainstorms/author-grader-consolidation/reports/w2-p1-plan.md:12	`2026-09-03 producer-plan-enforcement D8`	"`2026-09-03 producer-plan-enforcement D8`"	quote	-	anchor cite (lead ruling, all shards): a migration anchor quoted in prose is a verbatim machine string, bare by D12; quoted so no rename slugs it
.mochiko/brainstorms/author-grader-consolidation/reports/w2-p1-plan.md:65	`anchor: 2026-09-03	"`anchor: 2026-09-03	quote	-	anchor cite (lead ruling, all shards): a migration anchor quoted in prose is a verbatim machine string, bare by D12; quoted so no rename slugs it; opening half of a code span split over two lines
.mochiko/brainstorms/author-grader-consolidation/reports/w2-p1-plan.md:66	producer-plan-enforcement D8`	producer-plan-enforcement D8`"	quote	-	anchor cite (lead ruling, all shards): a migration anchor quoted in prose is a verbatim machine string, bare by D12; quoted so no rename slugs it; closing half of a code span split over two lines
.mochiko/brainstorms/author-grader-consolidation/reports/w2-p1-plan.md:69	`2026-09-03 producer-plan-enforcement D8`	"`2026-09-03 producer-plan-enforcement D8`"	quote	-	anchor cite (lead ruling, all shards): a migration anchor quoted in prose is a verbatim machine string, bare by D12; quoted so no rename slugs it
.mochiko/brainstorms/author-grader-consolidation/reports/w2-p1-plan.md:87	`2026-09-03 producer-plan-enforcement D8`	"`2026-09-03 producer-plan-enforcement D8`"	quote	-	anchor cite (lead ruling, all shards): a migration anchor quoted in prose is a verbatim machine string, bare by D12; quoted so no rename slugs it
.mochiko/brainstorms/author-grader-consolidation/reports/w2-p1-plan.md:97	`2026-09-03 producer-plan-enforcement D3`	"`2026-09-03 producer-plan-enforcement D3`"	quote	-	anchor cite (lead ruling, all shards): a migration anchor quoted in prose is a verbatim machine string, bare by D12; quoted so no rename slugs it
.mochiko/brainstorms/author-grader-consolidation/reports/w2-p1-plan.md:98	`2026-09-03 producer-plan-enforcement D4`	"`2026-09-03 producer-plan-enforcement D4`"	quote	-	anchor cite (lead ruling, all shards): a migration anchor quoted in prose is a verbatim machine string, bare by D12; quoted so no rename slugs it
.mochiko/brainstorms/author-grader-consolidation/reports/w2-p1-plan.md:104	`2026-09-03 producer-plan-enforcement D5`	"`2026-09-03 producer-plan-enforcement D5`"	quote	-	anchor cite (lead ruling, all shards): a migration anchor quoted in prose is a verbatim machine string, bare by D12; quoted so no rename slugs it
.mochiko/brainstorms/author-grader-consolidation/reports/w2-p1-plan.md:112	`2026-09-03 producer-plan-enforcement D2`	"`2026-09-03 producer-plan-enforcement D2`"	quote	-	anchor cite (lead ruling, all shards): a migration anchor quoted in prose is a verbatim machine string, bare by D12; quoted so no rename slugs it
.mochiko/brainstorms/author-grader-consolidation/reports/w2-p1-plan.md:118	`2026-09-03 producer-plan-enforcement D5`	"`2026-09-03 producer-plan-enforcement D5`"	quote	-	anchor cite (lead ruling, all shards): a migration anchor quoted in prose is a verbatim machine string, bare by D12; quoted so no rename slugs it
.mochiko/brainstorms/author-grader-consolidation/reports/w2-p1-plan.md:120	`2026-09-03 producer-plan-enforcement D6`	"`2026-09-03 producer-plan-enforcement D6`"	quote	-	anchor cite (lead ruling, all shards): a migration anchor quoted in prose is a verbatim machine string, bare by D12; quoted so no rename slugs it
.mochiko/brainstorms/author-grader-consolidation/reports/w2-p1-plan.md:126	`2026-09-03 producer-plan-enforcement D2`	"`2026-09-03 producer-plan-enforcement D2`"	quote	-	anchor cite (lead ruling, all shards): a migration anchor quoted in prose is a verbatim machine string, bare by D12; quoted so no rename slugs it
.mochiko/brainstorms/author-grader-consolidation/reports/w2-p1-plan.md:131	`2026-09-03 producer-plan-enforcement D6`	"`2026-09-03 producer-plan-enforcement D6`"	quote	-	anchor cite (lead ruling, all shards): a migration anchor quoted in prose is a verbatim machine string, bare by D12; quoted so no rename slugs it
.mochiko/brainstorms/author-grader-consolidation/reports/w2-p3-plan.md:43	`2026-09-03 producer-plan-enforcement D8`	"`2026-09-03 producer-plan-enforcement D8`"	quote	-	anchor cite (lead ruling, all shards): a migration anchor quoted in prose is a verbatim machine string, bare by D12; quoted so no rename slugs it
.mochiko/brainstorms/author-grader-consolidation/reports/w2-p3-plan.md:108	`2026-09-03 producer-plan-enforcement D8`	"`2026-09-03 producer-plan-enforcement D8`"	quote	-	anchor cite (lead ruling, all shards): a migration anchor quoted in prose is a verbatim machine string, bare by D12; quoted so no rename slugs it
.mochiko/brainstorms/author-grader-consolidation/wave1-gate-form.md:7	`2026-09-19 author-grader-consolidation D2`	"`2026-09-19 author-grader-consolidation D2`"	quote	-	anchor cite (lead ruling, all shards): a migration anchor quoted in prose is a verbatim machine string, bare by D12; quoted so no rename slugs it
.mochiko/brainstorms/author-grader-consolidation/wave1-gate-form.md:43	`anchor: 2026-09-19	"`anchor: 2026-09-19	quote	-	anchor cite (lead ruling, all shards): a migration anchor quoted in prose is a verbatim machine string, bare by D12; quoted so no rename slugs it; opening half of a code span split over two lines
.mochiko/brainstorms/author-grader-consolidation/wave1-gate-form.md:44	author-grader-consolidation D7`	author-grader-consolidation D7`"	quote	-	anchor cite (lead ruling, all shards): a migration anchor quoted in prose is a verbatim machine string, bare by D12; quoted so no rename slugs it; closing half of a code span split over two lines
.mochiko/brainstorms/author-grader-consolidation/wave1-gate-form.md:47	`2026-09-19 author-grader-consolidation D6`	"`2026-09-19 author-grader-consolidation D6`"	quote	-	anchor cite (lead ruling, all shards): a migration anchor quoted in prose is a verbatim machine string, bare by D12; quoted so no rename slugs it
.mochiko/brainstorms/author-grader-consolidation/wave1-gate-form.md:138	2026-09-19 author-grader-consolidation D7	"2026-09-19 author-grader-consolidation D7"	quote	-	anchor cite (lead ruling, all shards): a migration anchor quoted in prose is a verbatim machine string, bare by D12; quoted so no rename slugs it (plain text, no code span)
.mochiko/brainstorms/author-grader-consolidation/wave2-plan-qa.md:8	`2026-09-03 producer-plan-enforcement D8`	"`2026-09-03 producer-plan-enforcement D8`"	quote	-	anchor cite (lead ruling, all shards): a migration anchor quoted in prose is a verbatim machine string, bare by D12; quoted so no rename slugs it
.mochiko/brainstorms/author-grader-consolidation/wave2-plan-qa.md:9	`2026-09-19 author-grader-consolidation D9/D10`	"`2026-09-19 author-grader-consolidation D9/D10`"	quote	-	anchor cite (lead ruling, all shards): a migration anchor quoted in prose is a verbatim machine string, bare by D12; quoted so no rename slugs it
.mochiko/brainstorms/author-grader-consolidation/wave2-plan-qa.md:47	`2026-09-03 producer-plan-enforcement D8`	"`2026-09-03 producer-plan-enforcement D8`"	quote	-	anchor cite (lead ruling, all shards): a migration anchor quoted in prose is a verbatim machine string, bare by D12; quoted so no rename slugs it
.mochiko/brainstorms/author-grader-consolidation/wave3-validator-retirement.md:10	`2026-09-03 producer-plan-enforcement D3`	"`2026-09-03 producer-plan-enforcement D3`"	quote	-	anchor cite (lead ruling, all shards): a migration anchor quoted in prose is a verbatim machine string, bare by D12; quoted so no rename slugs it
.mochiko/brainstorms/author-grader-consolidation/wave3-validator-retirement.md:11	`2026-09-03 producer-plan-enforcement D8`	"`2026-09-03 producer-plan-enforcement D8`"	quote	-	anchor cite (lead ruling, all shards): a migration anchor quoted in prose is a verbatim machine string, bare by D12; quoted so no rename slugs it
.mochiko/brainstorms/author-grader-consolidation/wave3-validator-retirement.md:12	`2026-09-19 author-grader-consolidation D7`	"`2026-09-19 author-grader-consolidation D7`"	quote	-	anchor cite (lead ruling, all shards): a migration anchor quoted in prose is a verbatim machine string, bare by D12; quoted so no rename slugs it
.mochiko/brainstorms/author-grader-consolidation/wave3-validator-retirement.md:36	`2026-09-03 producer-plan-enforcement D3`	"`2026-09-03 producer-plan-enforcement D3`"	quote	-	anchor cite (lead ruling, all shards): a migration anchor quoted in prose is a verbatim machine string, bare by D12; quoted so no rename slugs it
.mochiko/brainstorms/author-grader-consolidation/wave3-validator-retirement.md:53	`2026-09-03 producer-plan-enforcement D3`	"`2026-09-03 producer-plan-enforcement D3`"	quote	-	anchor cite (lead ruling, all shards): a migration anchor quoted in prose is a verbatim machine string, bare by D12; quoted so no rename slugs it
.mochiko/brainstorms/brainstorm-command-rewrite/record.md:81	session's own D7 named	session's own `setup-workflow-rewrite` D7 named	qualify	setup-workflow-rewrite D7	H2 (map grade A): the setup-rewrite session's D7; that session has no dir in the tree, so the mention leaves this record's D7 and stays unresolved
.mochiko/brainstorms/brainstorm-target-state/build-log.md:73	`2026-08-10 cold-review-gap-challenge D6`	"`2026-08-10 cold-review-gap-challenge D6`"	quote	-	anchor cite (lead ruling, all shards): a migration anchor quoted in prose is a verbatim machine string, bare by D12; quoted so no rename slugs it
.mochiko/brainstorms/brainstorm-target-state/record.md:346	its D2 made	its `brainstorm-v2-2-revision` D2 made	qualify	brainstorm-v2-2-revision D2	H2: "its" is brainstorm-v2-2-revision, named on the previous line
.mochiko/brainstorms/brainstorm-target-state/record.md:653	**Rationale.** D1 of that session	**Rationale.** `command-architecture-realignment` D1 of that session	qualify	command-architecture-realignment D1	H2 (map grade A): "that session" is command-architecture-realignment, named at :649
.mochiko/brainstorms/brainstorm-target-state/reports/gate-audit.md:46	`2026-08-10 cold-review-gap-challenge D6`	"`2026-08-10 cold-review-gap-challenge D6`"	quote	-	anchor cite (lead ruling, all shards): a migration anchor quoted in prose is a verbatim machine string, bare by D12; quoted so no rename slugs it
.mochiko/brainstorms/brainstorm-v2-2-revision/record.md:43	(setup session D5)	(setup session `setup-constitution-flexibility` D5)	qualify	setup-constitution-flexibility D5	H2 (map grade A): depth-proportionality is setup-constitution-flexibility D5
.mochiko/brainstorms/brainstorm-v2-revision/record.md:11	D9 = hard-require	`brainstorm-command-rewrite` D9 = hard-require	qualify	brainstorm-command-rewrite D9	H2: the design record linked on this line is brainstorm-command-rewrite (its link is a code-span path, S11)
.mochiko/brainstorms/charter-ritual-balance/record.md:14	Its D5 scopes	Its `pm-role-and-feature-derivation` D5 scopes	qualify	pm-role-and-feature-derivation D5	H2: "Its" is pm-role-and-feature-derivation; this record has its own D5
.mochiko/brainstorms/charter-ritual-balance/record.md:17	narrows D5 and	narrows `command-architecture-realignment` D5 and	qualify	command-architecture-realignment D5	H2: the transport-neutrality ruling named earlier on the line
.mochiko/brainstorms/charter-ritual-balance/record.md:17	same session's D1	same session's `command-architecture-realignment` D1	qualify	command-architecture-realignment D1	H2: "the same session" is command-architecture-realignment
.mochiko/brainstorms/cli-schema-delivery/record.md:33	**D8** made	**`schema-based-template-guidance` D8** made	qualify	schema-based-template-guidance D8	H2: the previous line names schema-based-template-guidance; this D8 would take this session's D8 slug
.mochiko/brainstorms/cli-schema-delivery/record.md:34	and **D1** made	and **`schema-based-template-guidance` D1** made	qualify	schema-based-template-guidance D1	H2 (map grade A): continues the :32 schema-based-template-guidance D1–D11 bullet; its D1 made the binary a renderer
.mochiko/brainstorms/cli-schema-delivery/record.md:34	**D3** scoped	**`schema-based-template-guidance` D3** scoped	qualify	schema-based-template-guidance D3	H2 (map grade A): same bullet; its D3 scoped the crate to the 8 pipeline templates
.mochiko/brainstorms/cli-schema-delivery/record.md:36	supersedes D8 and D1's	supersedes `schema-based-template-guidance` D8 and D1's	qualify	schema-based-template-guidance D8	H2 (map grade A): same bullet; the qualifier carries through "and" to D1's (sim-verified)
.mochiko/brainstorms/cli-schema-delivery/record.md:36	fires D3's ratchet	fires `schema-based-template-guidance` D3's ratchet	qualify	schema-based-template-guidance D3	H2 (map grade A): the ratchet is that record's D3 (:35)
.mochiko/brainstorms/cli-schema-delivery/record.md:37	**D5 reopen	**`schema-based-template-guidance` D5 reopen	qualify	schema-based-template-guidance D5	H2 (map grade A): the D5 reopen condition is that record's D5, as at :751
.mochiko/brainstorms/cli-schema-delivery/record.md:38	D6/D11 (Rust	`schema-based-template-guidance` D6/D11 (Rust	qualify	schema-based-template-guidance D6	H2 (map grade A): Rust as the foundation seed is that record's D6/D11; the qualifier covers the slash pair
.mochiko/brainstorms/cli-schema-delivery/record.md:52	D9 and D13 (	`command-content-schema` D9 and D13 (	qualify	command-content-schema D9	H2: continues a command-content-schema citation; the compound D9 and D13 takes one qualifier
.mochiko/brainstorms/cli-schema-delivery/record.md:61	ruled **D1 — detection	ruled **`producer-plan-enforcement` D1 — detection	qualify	producer-plan-enforcement D1	H2 (map grade A): the :59 producer-plan-enforcement bullet; its D1 ruled detection plus review
.mochiko/brainstorms/cli-schema-delivery/record.md:73	`patterns-sound-loop` D5	`charter-ritual-balance` D5 (`patterns-sound-loop`)	qualify	charter-ritual-balance D5	H3: code-span skill name used as owner; the rules-file leg deferral is charter-ritual-balance D5
.mochiko/brainstorms/cli-schema-delivery/record.md:119	the command D10 watch	the `command-content-schema` D10 watch	qualify	command-content-schema D10	H2: single-word shorthand "command" for command-content-schema
.mochiko/brainstorms/cli-schema-delivery/record.md:122	command (D10)	command (`command-content-schema` D10)	qualify	command-content-schema D10	H2: the command delivery watch is command-content-schema D10
.mochiko/brainstorms/cli-schema-delivery/record.md:122	skill (D6)	skill (`skill-content-schema` D6)	qualify	skill-content-schema D6	H2: the skill delivery watch is skill-content-schema D6
.mochiko/brainstorms/cli-schema-delivery/record.md:136	skill D5 forbids	`skill-content-schema` D5 forbids	qualify	skill-content-schema D5	H2: single-word shorthand "skill" for skill-content-schema
.mochiko/brainstorms/cli-schema-delivery/record.md:264	at skill D9	at `skill-content-schema` D9	qualify	skill-content-schema D9	H2: single-word shorthand "skill" for skill-content-schema
.mochiko/brainstorms/cli-schema-delivery/record.md:276	**D1** (renderer only)	**`schema-based-template-guidance` D1** (renderer only)	qualify	schema-based-template-guidance D1	H2: same list as :277; the qualifier on this line covers only D8
.mochiko/brainstorms/cli-schema-delivery/record.md:277	**D3** (eight-template	**`schema-based-template-guidance` D3** (eight-template	qualify	schema-based-template-guidance D3	H1: bold continuation of a list naming schema-based-template-guidance (qualifier on :276); a definition-leader site today
.mochiko/brainstorms/cli-schema-delivery/record.md:282	**D16 posture**	**`command-content-schema` D16 posture**	qualify	command-content-schema D16	H2 (map grade A advisory, lead ruling): bare today (no own D16); command-content-schema D16
.mochiko/brainstorms/cli-schema-delivery/record.md:731	D1's renderer-only limb	`schema-based-template-guidance` D1's renderer-only limb	qualify	schema-based-template-guidance D1	H2: continues the schema-based-template-guidance supersession list; the soft-break qualifier covers only D8
.mochiko/brainstorms/cli-schema-delivery/record.md:731	**D3's eight-template	**`schema-based-template-guidance` D3's eight-template	qualify	schema-based-template-guidance D3	H2: same list as the D1 row on this line
.mochiko/brainstorms/cli-schema-delivery/record.md:733	the D9/D13 crate-extension	the `command-content-schema` D9/D13 crate-extension	qualify	command-content-schema D9	H2: the D9/D13 reservation is command-content-schema's (its D1 is named on the line)
.mochiko/brainstorms/cli-schema-delivery/record.md:738	D16's maintainer-metadata	`command-content-schema` D16's maintainer-metadata	qualify	command-content-schema D16	H2: continues the content-schema citation on this line (the content-schema D2 shorthand rides an alias row, S9)
.mochiko/brainstorms/cli-schema-delivery/record.md:744	command D10	`command-content-schema` D10	qualify	command-content-schema D10	H2: single-word shorthand "command"
.mochiko/brainstorms/cli-schema-delivery/record.md:744	skill D6	`skill-content-schema` D6	qualify	skill-content-schema D6	H2: single-word shorthand "skill"
.mochiko/brainstorms/cli-schema-delivery/record.md:751	its D5 reopen	its `schema-based-template-guidance` D5 reopen	qualify	schema-based-template-guidance D5	H2: "its" is the template-schema CLI's watch; its D5 reopen condition is schema-based-template-guidance D5
.mochiko/brainstorms/cli-schema-delivery/record.md:765	ontology D10	`command-schema-ontology` D10	qualify	command-schema-ontology D10	H2: single-word shorthand "ontology" (the content-schema D9 shorthand on this line rides an alias row, S9)
.mochiko/brainstorms/cli-schema-delivery/record.md:765	skill D8	`skill-content-schema` D8	qualify	skill-content-schema D8	H2: single-word shorthand "skill"
.mochiko/brainstorms/cli-schema-delivery/record.md:854	(D10 `Contested` there)	(`schema-based-template-guidance` D10 `Contested` there)	qualify	schema-based-template-guidance D10	H2 (map grade A): "there" is the v0.76.0 build, that record's D10 single-wave build
.mochiko/brainstorms/cli-schema-delivery/record.md:874	(skill D1)	(`skill-content-schema` D1)	qualify	skill-content-schema D1	H2: single-word shorthand "skill"
.mochiko/brainstorms/cli-schema-delivery/record.md:878	**D2 stage-2 absorption**	**`command-content-schema` D2 stage-2 absorption**	qualify	command-content-schema D2	H1: bold open-thread line about command-content-schema D2; a definition-leader site today
.mochiko/brainstorms/cli-schema-delivery/record.md:964	D3 ratchet discharged	`schema-based-template-guidance` D3 ratchet discharged	qualify	schema-based-template-guidance D3	H2 (map grade A): the ratchet this record fires (:36) is that record's D3
.mochiko/brainstorms/cli-schema-delivery/record.md:973	D5 reopen carried	`schema-based-template-guidance` D5 reopen carried	qualify	schema-based-template-guidance D5	H2 (map grade A): the reopen condition is that record's D5 (:37)
.mochiko/brainstorms/cli-schema-delivery/record.md:1130	ontology D5	`command-schema-ontology` D5	qualify	command-schema-ontology D5	H2: single-word shorthand "ontology"
.mochiko/brainstorms/cli-schema-delivery/record.md:1310	`2026-09-03 cli-schema-delivery D3`	"`2026-09-03 cli-schema-delivery D3`"	quote	-	anchor cite (lead ruling, all shards): a migration anchor quoted in prose is a verbatim machine string, bare by D12; quoted so no rename slugs it
.mochiko/brainstorms/cli-schema-delivery/record.md:1478	`2026-09-03 cli-schema-delivery D9`	"`2026-09-03 cli-schema-delivery D9`"	quote	-	anchor cite (lead ruling, all shards): a migration anchor quoted in prose is a verbatim machine string, bare by D12; quoted so no rename slugs it
.mochiko/brainstorms/cli-schema-delivery/record.md:1527	command D10	`command-content-schema` D10	qualify	command-content-schema D10	H2: single-word shorthand "command"
.mochiko/brainstorms/cli-schema-delivery/record.md:1527	skill D6	`skill-content-schema` D6	qualify	skill-content-schema D6	H2: single-word shorthand "skill"
.mochiko/brainstorms/cli-schema-delivery/reports/wave1-v3-corpus-audit.md:221	`anchor: 2026-09-03 cli-schema-delivery D2`	"`anchor: 2026-09-03 cli-schema-delivery D2`"	quote	-	anchor cite (lead ruling, all shards): a migration anchor quoted in prose is a verbatim machine string, bare by D12; quoted so no rename slugs it
.mochiko/brainstorms/cli-schema-delivery/reports/wave4-p1-op.md:55	`2026-09-03 cli-schema-delivery D3`	"`2026-09-03 cli-schema-delivery D3`"	quote	-	anchor cite (lead ruling, all shards): a migration anchor quoted in prose is a verbatim machine string, bare by D12; quoted so no rename slugs it
.mochiko/brainstorms/cli-schema-delivery/reports/wave4-v1-op-audit.md:51	`2026-09-03 cli-schema-delivery D3`	"`2026-09-03 cli-schema-delivery D3`"	quote	-	anchor cite (lead ruling, all shards): a migration anchor quoted in prose is a verbatim machine string, bare by D12; quoted so no rename slugs it
.mochiko/brainstorms/cli-schema-delivery/reports/wave6-p1-endstate.md:112	`2026-09-03 cli-schema-delivery D9`	"`2026-09-03 cli-schema-delivery D9`"	quote	-	anchor cite (lead ruling, all shards): a migration anchor quoted in prose is a verbatim machine string, bare by D12; quoted so no rename slugs it
.mochiko/brainstorms/cli-schema-delivery/reports/wave6-v1-endstate-audit.md:62	`2026-09-03 cli-schema-delivery D9`	"`2026-09-03 cli-schema-delivery D9`"	quote	-	anchor cite (lead ruling, all shards): a migration anchor quoted in prose is a verbatim machine string, bare by D12; quoted so no rename slugs it
.mochiko/brainstorms/cli-schema-delivery/wave6-p1-endstate-plan.md:61	`2026-09-03 cli-schema-delivery D9`	"`2026-09-03 cli-schema-delivery D9`"	quote	-	anchor cite (lead ruling, all shards): a migration anchor quoted in prose is a verbatim machine string, bare by D12; quoted so no rename slugs it
.mochiko/brainstorms/cli-schema-delivery/wave6-plan.md:108	`2026-09-03 cli-schema-delivery D9`	"`2026-09-03 cli-schema-delivery D9`"	quote	-	anchor cite (lead ruling, all shards): a migration anchor quoted in prose is a verbatim machine string, bare by D12; quoted so no rename slugs it
.mochiko/brainstorms/cold-review-gap-challenge/record.md:3	unchanged, D19;	unchanged, `brainstorm-target-state` D19;	qualify	brainstorm-target-state D19	H2: setup's review left unchanged by brainstorm-target-state D19 (its D10 is qualified on the line)
.mochiko/brainstorms/command-content-schema/record.md:27	D8, `schema-based-template-guidance`	`schema-based-template-guidance` D8	qualify	schema-based-template-guidance D8	H2: the owner is written after the number; this record has its own D8
.mochiko/brainstorms/command-content-schema/record.md:38	own. D11 admitted	own. `schema-based-template-guidance` D11 admitted	qualify	schema-based-template-guidance D11	H2 (map grade A): the template-schema CLI admission is that record's D11
.mochiko/brainstorms/command-content-schema/record.md:93	the D8 template precedent	the `schema-based-template-guidance` D8 template precedent	qualify	schema-based-template-guidance D8	H2 (map grade A): the data-file template precedent is that record's D8
.mochiko/brainstorms/command-md-scaffold-standardization/record.md:53	(D11/D14)	(`command-content-schema` D11/D14)	qualify	command-content-schema D11	H2 (map grade A advisory, lead ruling): bare today; command-content-schema D11/D14 (tombstoned section nodes)
.mochiko/brainstorms/command-md-scaffold-standardization/record.md:53	(D14 precedent	(`command-content-schema` D14 precedent	qualify	command-content-schema D14	H2: same class as the (D11/D14) row on this line (bare today, no own D14); added alongside it
.mochiko/brainstorms/command-md-scaffold-standardization/record.md:69	— D13 precedent	— `command-content-schema` D13 precedent	qualify	command-content-schema D13	H2 (map grade A advisory, lead ruling): bare today; the mark split is command-content-schema D13
.mochiko/brainstorms/command-md-scaffold-standardization/record.md:73	the D13 advisory checker	the `command-content-schema` D13 advisory checker	qualify	command-content-schema D13	H2 (map grade A advisory, lead ruling): bare today; command-content-schema D13
.mochiko/brainstorms/command-md-scaffold-standardization/record.md:238	D3's clauses are	`charter-ritual-balance` D3's clauses are	qualify	charter-ritual-balance D3	H2 (map grade A): the :236 heading names charter-ritual-balance D3
.mochiko/brainstorms/command-md-scaffold-standardization/record.md:244	the D2 two-part test	the `charter-ritual-balance` D2 two-part test	qualify	charter-ritual-balance D2	H2 (map grade A): the two-part test is charter-ritual-balance D2
.mochiko/brainstorms/command-md-scaffold-standardization/record.md:244	· D1's three ritual legs	· `charter-ritual-balance` D1's three ritual legs	qualify	charter-ritual-balance D1	H2 (map grade A): the ritual legs are charter-ritual-balance D1
.mochiko/brainstorms/command-plan-only-eval/record.md:47	D3 (local-first	`primitive-eval-harness` D3 (local-first	qualify	primitive-eval-harness D3	H2: F3 lists primitive-eval-harness rulings; the qualifier on :46 covers only D2
.mochiko/brainstorms/command-plan-only-eval/record.md:47	D4 (thin scripts	`primitive-eval-harness` D4 (thin scripts	qualify	primitive-eval-harness D4	H2: as the D3 row on this line
.mochiko/brainstorms/command-plan-only-eval/record.md:81	harness D2	`primitive-eval-harness` D2	qualify	primitive-eval-harness D2	H2: single-word shorthand "harness"
.mochiko/brainstorms/command-plan-only-eval/record.md:139	harness D5	`primitive-eval-harness` D5	qualify	primitive-eval-harness D5	H2: single-word shorthand "harness"
.mochiko/brainstorms/command-plan-only-eval/record.md:275	harness D2	`primitive-eval-harness` D2	qualify	primitive-eval-harness D2	H2: single-word shorthand "harness"
.mochiko/brainstorms/command-plan-only-eval/record.md:333	its D4, never shipped	its `primitive-eval-harness` D4, never shipped	qualify	primitive-eval-harness D4	H2: "its" is the harness session
.mochiko/brainstorms/command-plan-only-eval/record.md:356	harness D2	`primitive-eval-harness` D2	qualify	primitive-eval-harness D2	H2: single-word shorthand "harness"
.mochiko/brainstorms/command-schema-ontology/record.md:16	(D6 rule-block grammar	(`command-content-schema` D6 rule-block grammar	qualify	command-content-schema D6	H2: the previous line names command-content-schema; this record has its own D6
.mochiko/brainstorms/command-schema-ontology/record.md:16	D14 nested sections	`command-content-schema` D14 nested sections	qualify	command-content-schema D14	H2: as the D6 row on this line
.mochiko/brainstorms/command-schema-ontology/record.md:16	D15 referential closure	`command-content-schema` D15 referential closure	qualify	command-content-schema D15	H2: as the D6 row on this line
.mochiko/brainstorms/command-schema-ontology/record.md:16	D16 runtime-only	`command-content-schema` D16 runtime-only	qualify	command-content-schema D16	H2: as the D6 row on this line
.mochiko/brainstorms/command-schema-ontology/record.md:18	That session's D2	That session's `command-content-schema` D2	qualify	command-content-schema D2	H2: "that session" is command-content-schema
.mochiko/brainstorms/command-schema-ontology/record.md:110	under D15's deixis ban	under `command-content-schema` D15's deixis ban	qualify	command-content-schema D15	H2 (map grade A advisory, lead ruling): bare today; referential closure is command-content-schema D15
.mochiko/brainstorms/command-schema-ontology/record.md:134	its D8 plan-observable	its `command-plan-only-eval` D8 plan-observable	qualify	command-plan-only-eval D8	H2: "its" is the plan-only eval instrument; this record has its own D8
.mochiko/brainstorms/command-schema-ontology/record.md:136	its D6 changed-text	its `command-plan-only-eval` D6 changed-text	qualify	command-plan-only-eval D6	H2: as :134
.mochiko/brainstorms/command-schema-ontology/record.md:155	the D4/D5 six-set	the `command-md-scaffold-standardization` D4/D5 six-set	qualify	command-md-scaffold-standardization D4	H2 (map grade A): the six-set is the scaffold session's D4/D5 (:23, :176); the qualifier covers the slash pair
.mochiko/brainstorms/command-schema-ontology/record.md:206	D8 partition derivation	`command-plan-only-eval` D8 partition derivation	qualify	command-plan-only-eval D8	H2 (map grade A): "(eval" on :205 is no qualifier; the partition is command-plan-only-eval D8
.mochiko/brainstorms/command-schema-ontology/record.md:352	eval D6	`command-plan-only-eval` D6	qualify	command-plan-only-eval D6	H2 (pointer relayed from W3-C): single-word shorthand "eval" = command-plan-only-eval, whose D6 is the three-part diff; as :136
.mochiko/brainstorms/command-schema-ontology/record.md:380	under D11 lifecycle	under `command-content-schema` D11 lifecycle	qualify	command-content-schema D11	H2 (map grade A): the ID lifecycle is command-content-schema D11
.mochiko/brainstorms/command-schema-ontology/record.md:398	D3's original value	`command-content-schema` D3's original value	qualify	command-content-schema D3	H2 (map grade A): the decision this record's D8 amends is command-content-schema D3
.mochiko/brainstorms/command-schema-ontology/record.md:407	(D11 children, D12 grain)	(`command-content-schema` D11 children, `command-content-schema` D12 grain)	qualify	command-content-schema D11	H2 (map grade A): lifecycle children and block grain are command-content-schema D11/D12; each number takes its own qualifier
.mochiko/brainstorms/command-schema-ontology/record.md:413	the D3 supersession is	the `command-content-schema` D3 supersession is	qualify	command-content-schema D3	H2 (map grade A): the D3 supersession is command-content-schema D3, narrowly superseded by this record's D8
.mochiko/brainstorms/command-schema-ontology/record.md:473	(its D9)	(its `command-content-schema` D9)	qualify	command-content-schema D9	H2: "its" is command-content-schema, named on the previous line
.mochiko/brainstorms/command-schema-ontology/record.md:477	the D2 absorption split	the `command-content-schema` D2 absorption split	qualify	command-content-schema D2	H2 (map grade A): the absorption split is command-content-schema D2 (:480 names it); this is this record's D11 heading, so the D11 title changes
.mochiko/brainstorms/command-schema-ontology/record.md:482	retards D2's stage 2	retards `command-content-schema` D2's stage 2	qualify	command-content-schema D2	H2 (map grade A): command-content-schema D2, named at :480
.mochiko/brainstorms/command-schema-ontology/record.md:483	and D2's retreat branch	and `command-content-schema` D2's retreat branch	qualify	command-content-schema D2	H2 (map grade A): command-content-schema D2's retreat branch
.mochiko/brainstorms/command-schema-ontology/record.md:489	the D10 first-live-run-watch	the `command-content-schema` D10 first-live-run-watch	qualify	command-content-schema D10	H2 (map grade A): the first-live-run watch is command-content-schema D10
.mochiko/brainstorms/command-schema-ontology/record.md:494	(its D7)	(its `command-md-scaffold-standardization` D7)	qualify	command-md-scaffold-standardization D7	H2: "the sibling scaffold session"
.mochiko/brainstorms/command-schema-ontology/record.md:518	narrow D3 amendment	narrow `command-content-schema` D3 amendment	qualify	command-content-schema D3	H2 (map grade A): this record's D8 title: "command-content-schema D3 amended, narrowly"
.mochiko/brainstorms/command-schema-ontology/record.md:519	the D3 supersession stakes	the `command-content-schema` D3 supersession stakes	qualify	command-content-schema D3	H2 (map grade A): the D3 supersession is command-content-schema D3, narrowly superseded by this record's D8
.mochiko/brainstorms/command-schema-ontology/record.md:657	the D3 supersession named	the `command-content-schema` D3 supersession named	qualify	command-content-schema D3	H2 (map grade A): the D3 supersession is command-content-schema D3, narrowly superseded by this record's D8
.mochiko/brainstorms/command-schema-ontology/record.md:685	the D3 supersession re-affirmed	the `command-content-schema` D3 supersession re-affirmed	qualify	command-content-schema D3	H2 (map grade A): the D3 supersession is command-content-schema D3, narrowly superseded by this record's D8
.mochiko/brainstorms/command-schema-ontology/record.md:766	the D3 supersession entry	the `command-content-schema` D3 supersession entry	qualify	command-content-schema D3	H2 (map grade A): the D3 supersession is command-content-schema D3, narrowly superseded by this record's D8
.mochiko/brainstorms/command-schema-ontology/record.md:774	D6 three-part diff	`command-plan-only-eval` D6 three-part diff	qualify	command-plan-only-eval D6	H2 (map grade A): the three-part diff is command-plan-only-eval D6, as at :352
.mochiko/brainstorms/command-schema-ontology/record.md:780	the D3 supersession named	the `command-content-schema` D3 supersession named	qualify	command-content-schema D3	H2 (map grade A): the D3 supersession is command-content-schema D3, narrowly superseded by this record's D8
.mochiko/brainstorms/command-succinctness-strip/record.md:167	**D1 calibration-bar-not-quota	**`skill-succinctness-strip` D1 calibration-bar-not-quota	qualify	skill-succinctness-strip D1	H1: bold quote of the skill-succinctness-strip ruling under its own heading; today the tool reads it as this session's first definition site
.mochiko/brainstorms/command-succinctness-strip/record.md:168	**D2 scope, three surfaces	**`skill-succinctness-strip` D2 scope, three surfaces	qualify	skill-succinctness-strip D2	H1: bold quote of the skill-succinctness-strip ruling under its own heading; today the tool reads it as this session's first definition site
.mochiko/brainstorms/command-succinctness-strip/record.md:169	**D3 wave production	**`skill-succinctness-strip` D3 wave production	qualify	skill-succinctness-strip D3	H1: bold quote of the skill-succinctness-strip ruling under its own heading; today the tool reads it as this session's first definition site
.mochiko/brainstorms/command-succinctness-strip/record.md:170	**D4 true-reductions-only	**`skill-succinctness-strip` D4 true-reductions-only	qualify	skill-succinctness-strip D4	H1: bold quote of the skill-succinctness-strip ruling under its own heading; today the tool reads it as this session's first definition site
.mochiko/brainstorms/command-succinctness-strip/record.md:171	**D5 close shape	**`skill-succinctness-strip` D5 close shape	qualify	skill-succinctness-strip D5	H1: bold quote of the skill-succinctness-strip ruling under its own heading; today the tool reads it as this session's first definition site
.mochiko/brainstorms/command-succinctness-strip/record.md:190	**D4's sham-cut ban	**`skill-succinctness-strip` D4's sham-cut ban	qualify	skill-succinctness-strip D4	H2 (map grade A): the sham-cut ban is skill-succinctness-strip D4 (the line cites its record by short path)
.mochiko/brainstorms/command-succinctness-strip/record.md:193	under D1 cannot be cut	under `skill-succinctness-strip` D1 cannot be cut	qualify	skill-succinctness-strip D1	H2 (map grade A): the calibration bar that keeps evidenced lines is skill-succinctness-strip D1
.mochiko/brainstorms/command-succinctness-strip/record.md:410	session's* D8 (AD-D8	session's* `architecture-design-primitive` D8 (AD-D8	qualify	architecture-design-primitive D8	H2 (map grade A): the line says this D8 is the architecture-design session's, not this record's
.mochiko/brainstorms/constitution-native-surfaces/record.md:55	decision D1 / finding A4)	decision `setup-constitution-flexibility` D1 / finding A4)	qualify	setup-constitution-flexibility D1	foreign bare (lead ruling on the held short-path set): the short path `setup-constitution-flexibility/record.md` is not read as a qualifier (requirement 13 Q2), so the mention takes this record's own D1; the qualifier goes right before the token, the path stays as written
.mochiko/brainstorms/constitution-native-surfaces/record.md:84	decision D8 (	decision `setup-constitution-flexibility` D8 (	qualify	setup-constitution-flexibility D8	foreign bare (lead ruling on the held short-path set): the short path `setup-constitution-flexibility/record.md` is not read as a qualifier (requirement 13 Q2), so the mention takes this record's own D8; the qualifier goes right before the token, the path stays as written
.mochiko/brainstorms/constitution-native-surfaces/record.md:261	— D1's rejected-alternatives	— `setup-constitution-flexibility` D1's rejected-alternatives	qualify	setup-constitution-flexibility D1	foreign bare (lead ruling on the held short-path set): the short path `setup-constitution-flexibility/record.md` is not read as a qualifier (requirement 13 Q2), so the mention takes this record's own D1; the qualifier goes right before the token, the path stays as written
.mochiko/brainstorms/constitution-native-surfaces/record.md:263	`D1` = that record's	`setup-constitution-flexibility D1` = that record's	qualify	setup-constitution-flexibility D1	H2: the checker's label key; "that record" = setup-constitution-flexibility (named at line end and :258); in-span plain-kebab qualifier keeps the code span (map grade A advisory, lead ruling)
.mochiko/brainstorms/constitution-native-surfaces/record.md:263	`D8` (referenced	`setup-constitution-flexibility D8` (referenced	qualify	setup-constitution-flexibility D8	H2: as the D1 row on this line; D8 = that record's "Template layer" decision; in-span plain-kebab qualifier keeps the code span
.mochiko/brainstorms/constitution-native-surfaces/record.md:267	— decision D1 / finding A4)`	— decision setup-constitution-flexibility D1 / finding A4)`	qualify	setup-constitution-flexibility D1	foreign bare (lead ruling on the held short-path set): the short path `setup-constitution-flexibility/record.md` is not read as a qualifier (requirement 13 Q2), so the mention takes this record's own D1; the token sits inside the paste-ready code span, so the qualifier is the plain kebab name (no nested backticks); the D1/A4 in the first span is a path-skipped label and takes no row
.mochiko/brainstorms/constitution-native-surfaces/record.md:267	§4 `D8` reference	§4 "`D8`" reference	quote	-	S4 meta-text: the paste-ready instruction names the literal §4 token being replaced (like the path-skipped old span before it), so the token is quoted, not cited (map grade A advisory, lead ruling)
.mochiko/brainstorms/constitution-native-surfaces/record.md:267	record.md, decision D8`	record.md, decision setup-constitution-flexibility D8`	qualify	setup-constitution-flexibility D8	foreign bare (lead ruling on the held short-path set): the short path `setup-constitution-flexibility/record.md` is not read as a qualifier (requirement 13 Q2), so the mention takes this record's own D8; the token sits inside the paste-ready code span, so the qualifier is the plain kebab name (no nested backticks)
.mochiko/brainstorms/constitution-native-surfaces/record.md:275	prior record's D8	prior record's `setup-constitution-flexibility` D8	qualify	setup-constitution-flexibility D8	H2 (pointer relayed from W3-C): "the prior record" = setup-constitution-flexibility (:258, "the prior, 2026-07-05 accepted session"); its D8 is the one this record's D8 collides with
.mochiko/brainstorms/delta-files-vs-direct-baseline-edits/record.md:45	(its D2, amended	(its `hook-enforcement-field-review` D2, amended	qualify	hook-enforcement-field-review D2	H2: "its" is the field-review session named on :42
.mochiko/brainstorms/delta-files-vs-direct-baseline-edits/record.md:158	Its D2 (accepted)	Its `hook-enforcement-field-review` D2 (accepted)	qualify	hook-enforcement-field-review D2	H2: "Its" is the field review (F4)
.mochiko/brainstorms/delta-files-vs-direct-baseline-edits/record.md:214	session's D2 and OQ1	session's `hook-enforcement-field-review` D2 and OQ1	qualify	hook-enforcement-field-review D2	H2: "the accepted field-review session"
.mochiko/brainstorms/delta-files-vs-direct-baseline-edits/record.md:248	review's D2 per-entry	review's `hook-enforcement-field-review` D2 per-entry	qualify	hook-enforcement-field-review D2	foreign bare: the field review
.mochiko/brainstorms/delta-files-vs-direct-baseline-edits/record.md:257	and D15 ·	and `feature-sizing-and-entry-points` D15 ·	qualify	feature-sizing-and-entry-points D15	H2: continues the feature-sizing-and-entry-points supersession named on :256
.mochiko/brainstorms/delta-files-vs-direct-baseline-edits/record.md:414	its D2 per-entry	its `hook-enforcement-field-review` D2 per-entry	qualify	hook-enforcement-field-review D2	H2: "its" is the field review
.mochiko/brainstorms/delta-files-vs-direct-baseline-edits/record.md:555	field-review D2/OQ1	`hook-enforcement-field-review` D2/OQ1	qualify	hook-enforcement-field-review D2	H2 (map grade A advisory, lead ruling): unresolved today (field-review is no session and its alias is scoped to reports/review.md); the tool also reads D2/OQ1 as a path and skips it, so the row records the owner and no rename touches it
.mochiko/brainstorms/external-research-in-review/record.md:39	**ER-D1	**D1	normalize	external-research-in-review D1	S2: glued ER-D definition card made indexable as bare D1
.mochiko/brainstorms/external-research-in-review/record.md:42	**ER-D2	**D2	normalize	external-research-in-review D2	S2: glued ER-D definition card made indexable as bare D2
.mochiko/brainstorms/external-research-in-review/record.md:45	**ER-D3	**D3	normalize	external-research-in-review D3	S2: glued ER-D definition card made indexable as bare D3
.mochiko/brainstorms/external-research-in-review/record.md:48	**ER-D4	**D4	normalize	external-research-in-review D4	S2: glued ER-D definition card made indexable as bare D4
.mochiko/brainstorms/external-research-in-review/record.md:53	**ER-D5	**D5	normalize	external-research-in-review D5	S2: glued ER-D definition card made indexable as bare D5
.mochiko/brainstorms/external-research-in-review/record.md:56	**ER-D6	**D6	normalize	external-research-in-review D6	S2: glued ER-D definition card made indexable as bare D6
.mochiko/memory/governance-intent.md:306	FP-1	FP-1-strike-set-clause	qualify	FP-1 .mochiko/memory/governance-trace-summary.md:79	mixed series in one file under FP-1: this mention is FP of AM-5 (.mochiko/memory/governance-trace-summary.md:79); the file leaves every FP-1 literal call, so its FP-1 mentions are joined by hand (S6)
.mochiko/memory/governance-intent.md:307	FP-2	FP-2-changelog-pointer-declined	qualify	FP-2 .mochiko/memory/governance-trace-summary.md:86	mixed series in one file under FP-2: this mention is FP of AM-5 (.mochiko/memory/governance-trace-summary.md:86); the file leaves every FP-2 literal call, so its FP-2 mentions are joined by hand (S6)
.mochiko/memory/governance-intent.md:434	FP-1	FP-1-hook-cost-watch	qualify	FP-1 .mochiko/brainstorms/hook-enforced-artifact-schema/reports/wave2-gov-producer.md:63	mixed series in one file under FP-1: this mention is FP of AM-3 (.mochiko/brainstorms/hook-enforced-artifact-schema/reports/wave2-gov-producer.md:63); the file leaves every FP-1 literal call, so its FP-1 mentions are joined by hand (S6)
.mochiko/memory/governance-intent.md:435	FP-2	FP-2-testability-limb-pair	qualify	FP-2 .mochiko/brainstorms/hook-enforced-artifact-schema/reports/wave2-gov-producer.md:70	mixed series in one file under FP-2: this mention is FP of AM-3 (.mochiko/brainstorms/hook-enforced-artifact-schema/reports/wave2-gov-producer.md:70); the file leaves every FP-2 literal call, so its FP-2 mentions are joined by hand (S6)
.mochiko/memory/governance-intent.md:435	FP-3	FP-3-log-truth-qualifier	qualify	FP-3 .mochiko/brainstorms/hook-enforced-artifact-schema/reports/wave2-gov-producer.md:74	mixed series in one file under FP-3: this mention is FP of AM-3 (.mochiko/brainstorms/hook-enforced-artifact-schema/reports/wave2-gov-producer.md:74); the file leaves every FP-3 literal call, so its FP-3 mentions are joined by hand (S6)
.mochiko/memory/governance-intent.md:436	FP-4	FP-4-superseded-rounds-pointer	qualify	FP-4 .mochiko/brainstorms/hook-enforced-artifact-schema/reports/wave2-gov-producer.md:80	mixed series in one file under FP-4: this mention is FP of AM-3 (.mochiko/brainstorms/hook-enforced-artifact-schema/reports/wave2-gov-producer.md:80); the file leaves every FP-4 literal call, so its FP-4 mentions are joined by hand (S6)
.mochiko/memory/governance-intent.md:437	FP-5	FP-5-bump-surface-globs	qualify	FP-5 .mochiko/brainstorms/hook-enforced-artifact-schema/reports/wave2-gov-producer.md:84	mixed series in one file under FP-5: this mention is FP of AM-3 (.mochiko/brainstorms/hook-enforced-artifact-schema/reports/wave2-gov-producer.md:84); the file leaves every FP-5 literal call, so its FP-5 mentions are joined by hand (S6)
.mochiko/memory/governance-intent.md:514	FP-1	FP-1-workflow-paths-glob	qualify	FP-1 .mochiko/brainstorms/cli-schema-delivery/reports/wave2-gov-producer.md:108	mixed series in one file under FP-1: this mention is FP of AM-2 (.mochiko/brainstorms/cli-schema-delivery/reports/wave2-gov-producer.md:108); the file leaves every FP-1 literal call, so its FP-1 mentions are joined by hand (S6)
.mochiko/memory/governance-intent.md:514	FP-2	FP-2-hook-paths-glob	qualify	FP-2 .mochiko/brainstorms/cli-schema-delivery/reports/wave2-gov-producer.md:114	mixed series in one file under FP-2: this mention is FP of AM-2 (.mochiko/brainstorms/cli-schema-delivery/reports/wave2-gov-producer.md:114); the file leaves every FP-2 literal call, so its FP-2 mentions are joined by hand (S6)
.mochiko/memory/governance-intent.md:515	FP-3	FP-3-ledger-entry-declined	qualify	FP-3 .mochiko/brainstorms/cli-schema-delivery/reports/wave2-gov-producer.md:119	mixed series in one file under FP-3: this mention is FP of AM-2 (.mochiko/brainstorms/cli-schema-delivery/reports/wave2-gov-producer.md:119); the file leaves every FP-3 literal call, so its FP-3 mentions are joined by hand (S6)
.mochiko/memory/governance-intent.md:515	FP-4	FP-4-region-index-line	qualify	FP-4 .mochiko/brainstorms/cli-schema-delivery/reports/wave2-gov-producer.md:125	mixed series in one file under FP-4: this mention is FP of AM-2 (.mochiko/brainstorms/cli-schema-delivery/reports/wave2-gov-producer.md:125); the file leaves every FP-4 literal call, so its FP-4 mentions are joined by hand (S6)
.mochiko/memory/governance-intent.md:516	FP-5	FP-5-region-pointer-clauses	qualify	FP-5 .mochiko/brainstorms/cli-schema-delivery/reports/wave2-gov-producer.md:130	mixed series in one file under FP-5: this mention is FP of AM-2 (.mochiko/brainstorms/cli-schema-delivery/reports/wave2-gov-producer.md:130); the file leaves every FP-5 literal call, so its FP-5 mentions are joined by hand (S6)
.mochiko/memory/governance-ledger.md:716	FP-1	FP-1-strike-set-clause	qualify	FP-1 .mochiko/memory/governance-trace-summary.md:79	mixed series in one file under FP-1: this mention is FP of AM-5 (.mochiko/memory/governance-trace-summary.md:79); the file leaves every FP-1 literal call, so its FP-1 mentions are joined by hand (S6)
.mochiko/memory/governance-ledger.md:736	FP-1	FP-1-workflow-paths-glob	qualify	FP-1 .mochiko/brainstorms/cli-schema-delivery/reports/wave2-gov-producer.md:108	mixed series in one file under FP-1: this mention is FP of AM-2 (.mochiko/brainstorms/cli-schema-delivery/reports/wave2-gov-producer.md:108); the file leaves every FP-1 literal call, so its FP-1 mentions are joined by hand (S6)
